accuracy,balanced_accuracy,precision,recall,specificity,f1,roc_auc,pr_auc
0.9990820285437162,0.9985757248826306,0.9965548311867282,0.9978241256700101,0.9993273240952509,0.9971890745160434,0.9999936164729274,0.9999671427983594
