branch,accuracy,balanced_accuracy,precision,recall,specificity,f1,roc_auc,pr_auc
XGBoost,0.9676631564361923,0.943575276495187,0.8954614458462021,0.9078172265562808,0.9793333264340933,0.9015970062720708,0.9946296937721556,0.9739107910330209
LightGBM,0.9681914230289594,0.9348553732964568,0.9168498571114531,0.8853685718834581,0.9843421747094557,0.9008342557844434,0.9945930677157659,0.9737344222705551
Fusion,0.9676544963281142,0.9411990729378777,0.900063552589768,0.9019264448336253,0.9804717010421302,0.9009940357852882,0.9946287785051965,0.9739062778355165
