accuracy,balanced_accuracy,precision,recall,specificity,f1,roc_auc,pr_auc
0.9990473881114036,0.9991531245999946,0.994875046230253,0.9993100886270764,0.9989961605729129,0.9970876356897008,0.9999207987892895,0.9995603942276531
