feature,coefficient,odds_ratio,abs_coefficient
static_branch_probability,3.6008847225237606,36.63062805358537,3.6008847225237606
temporal_branch_probability,11.925860608532838,151124.70086585046,11.925860608532838
