accuracy,balanced_accuracy,precision,recall,specificity,f1,roc_auc,pr_auc
0.9676631564361923,0.943575276495187,0.8954614458462021,0.9078172265562808,0.9793333264340933,0.9015970062720708,0.9946296937721556,0.9739107910330209
